Date,Close,stock
2023-08-08,88.129997,disney
2023-08-08,179.800003,aapl
2023-08-08,145.91000400000001,ibm
2023-08-08,109.690002,nike
2023-08-08,289.579987,mcd
2023-08-09,87.489998,disney
2023-08-09,142.490005,ibm
2023-08-09,178.190002,aapl
2023-08-09,109.690002,nike
2023-08-09,288.230011,mcd
2023-08-10,143.25,ibm
2023-08-10,109.029999,nike
2023-08-10,177.970001,aapl
2023-08-10,91.760002,disney
2023-08-10,287.600006,mcd
2023-08-11,89.019997,disney
2023-08-11,143.119995,ibm
2023-08-11,177.78999299999995,aapl
2023-08-11,288.619995,mcd
2023-08-11,108.089996,nike
2023-08-14,107.639999,nike
2023-08-14,141.91000400000001,ibm
2023-08-14,88.809998,disney
2023-08-14,288.809998,mcd
2023-08-14,179.46000700000005,aapl
2023-08-15,177.449997,aapl
2023-08-15,141.869995,ibm
2023-08-15,87.059998,disney
2023-08-15,288.299988,mcd
2023-08-15,106.550003,nike
2023-08-16,106.529999,nike
2023-08-16,285.399994,mcd
2023-08-16,176.570007,aapl
2023-08-16,86.349998,disney
2023-08-16,140.639999,ibm
2023-08-17,140.66000400000001,ibm
2023-08-17,281.859985,mcd
2023-08-17,174.0,aapl
2023-08-17,85.91999799999999,disney
2023-08-17,105.050003,nike
2023-08-18,281.73999,mcd
2023-08-18,85.959999,disney
2023-08-18,104.809998,nike
2023-08-18,141.41000400000001,ibm
2023-08-18,174.490005,aapl
2023-08-21,102.860001,nike
2023-08-21,280.040009,mcd
2023-08-21,175.83999599999999,aapl
2023-08-21,85.879997,disney
2023-08-21,142.279999,ibm
2023-08-22,85.790001,disney
2023-08-22,141.490005,ibm
2023-08-22,280.309998,mcd
2023-08-22,101.459999,nike
2023-08-22,177.229996,aapl
2023-08-23,181.119995,aapl
2023-08-23,85.83000200000001,disney
2023-08-23,143.41000400000001,ibm
2023-08-23,98.75,nike
2023-08-23,281.869995,mcd
2023-08-24,82.470001,disney
2023-08-24,143.550003,ibm
2023-08-24,176.380005,aapl
2023-08-24,97.629997,nike
2023-08-24,282.350006,mcd
2023-08-25,145.350006,ibm
2023-08-25,178.610001,aapl
2023-08-25,98.839996,nike
2023-08-25,284.579987,mcd
2023-08-25,83.360001,disney
2023-08-28,146.020004,ibm
2023-08-28,180.190002,aapl
2023-08-28,283.679993,mcd
2023-08-28,99.629997,nike
2023-08-28,84.160004,disney
2023-08-29,101.769997,nike
2023-08-29,184.119995,aapl
2023-08-29,146.449997,ibm
2023-08-29,84.400002,disney
2023-08-29,283.589996,mcd
2023-08-30,187.649994,aapl
2023-08-30,102.099998,nike
2023-08-30,146.860001,ibm
2023-08-30,284.23999,mcd
2023-08-30,84.279999,disney
2023-08-31,101.709999,nike
2023-08-31,281.149994,mcd
2023-08-31,146.830002,ibm
2023-08-31,187.869995,aapl
2023-08-31,83.68,disney
2023-09-01,189.46000700000002,aapl
2023-09-01,102.360001,nike
2023-09-01,280.940002,mcd
2023-09-01,147.940002,ibm
2023-09-01,81.639999,disney
2023-09-05,81.190002,disney
2023-09-05,100.32,nike
2023-09-05,148.130005,ibm
2023-09-05,189.699997,aapl
2023-09-05,279.160004,mcd
2023-09-06,80.980003,disney
2023-09-06,100.18,nike
2023-09-06,148.059998,ibm
2023-09-06,275.440002,mcd
2023-09-06,182.91000400000001,aapl
2023-09-07,80.57,disney
2023-09-07,147.520004,ibm
2023-09-07,97.93,nike
2023-09-07,278.329987,mcd
2023-09-07,177.559998,aapl
2023-09-08,178.179993,aapl
2023-09-08,147.679993,ibm
2023-09-08,279.220001,mcd
2023-09-08,81.58000200000001,disney
2023-09-08,97.66999799999999,nike
2023-09-11,96.790001,nike
2023-09-11,279.76001,mcd
2023-09-11,148.380005,ibm
2023-09-11,179.360001,aapl
2023-09-11,82.519997,disney
2023-09-12,96.300003,nike
2023-09-12,280.709991,mcd
2023-09-12,176.300003,aapl
2023-09-12,146.300003,ibm
2023-09-12,83.68,disney
2023-09-13,174.21000700000005,aapl
2023-09-13,83.480003,disney
2023-09-13,146.550003,ibm
2023-09-13,96.129997,nike
2023-09-13,281.769989,mcd
2023-09-14,84.480003,disney
2023-09-14,175.740005,aapl
2023-09-14,147.350006,ibm
2023-09-14,97.190002,nike
2023-09-14,284.76001,mcd
2023-09-15,85.58000200000001,disney
2023-09-15,175.009995,aapl
2023-09-15,145.990005,ibm
2023-09-15,96.260002,nike
2023-09-15,278.230011,mcd
2023-09-18,145.08999599999999,ibm
2023-09-18,177.970001,aapl
2023-09-18,85.019997,disney
2023-09-18,95.510002,nike
2023-09-18,277.720001,mcd
2023-09-19,278.130005,mcd
2023-09-19,146.520004,ibm
2023-09-19,81.940002,disney
2023-09-19,94.620003,nike
2023-09-19,179.070007,aapl
2023-09-20,277.200012,mcd
2023-09-20,94.040001,nike
2023-09-20,149.830002,ibm
2023-09-20,82.559998,disney
2023-09-20,175.490005,aapl
2023-09-21,147.380005,ibm
2023-09-21,82.730003,disney
2023-09-21,91.589996,nike
2023-09-21,173.929993,aapl
2023-09-21,271.220001,mcd
2023-09-22,174.78999299999995,aapl
2023-09-22,146.91000400000001,ibm
2023-09-22,272.220001,mcd
2023-09-22,90.849998,nike
2023-09-22,81.25,disney
2023-09-25,269.77999900000003,mcd
2023-09-25,81.010002,disney
2023-09-25,90.599998,nike
2023-09-25,146.479996,ibm
2023-09-25,176.080002,aapl
2023-09-26,171.96000700000005,aapl
2023-09-26,80.050003,disney
2023-09-26,90.16999799999999,nike
2023-09-26,267.720001,mcd
2023-09-26,143.240005,ibm
2023-09-27,89.41999799999999,nike
2023-09-27,263.640015,mcd
2023-09-27,143.169998,ibm
2023-09-27,79.900002,disney
2023-09-27,170.429993,aapl
2023-09-28,80.129997,disney
2023-09-28,89.629997,nike
2023-09-28,265.589996,mcd
2023-09-28,141.580002,ibm
2023-09-28,170.690002,aapl
2023-09-29,95.620003,nike
2023-09-29,171.21000700000005,aapl
2023-09-29,263.440002,mcd
2023-09-29,81.050003,disney
2023-09-29,140.300003,ibm
2023-10-02,140.800003,ibm
2023-10-02,257.75,mcd
2023-10-02,94.559998,nike
2023-10-02,81.66999799999999,disney
2023-10-02,173.75,aapl
2023-10-03,254.490005,mcd
2023-10-03,172.399994,aapl
2023-10-03,79.540001,disney
2023-10-03,140.389999,ibm
2023-10-03,95.089996,nike
2023-10-04,95.889999,nike
2023-10-04,255.809998,mcd
2023-10-04,79.32,disney
2023-10-04,141.070007,ibm
2023-10-04,173.66000400000001,aapl
2023-10-05,95.790001,nike
2023-10-05,174.91000400000001,aapl
2023-10-05,80.809998,disney
2023-10-05,141.520004,ibm
2023-10-05,252.229996,mcd
2023-10-06,177.490005,aapl
2023-10-06,82.940002,disney
2023-10-06,248.220001,mcd
2023-10-06,97.110001,nike
2023-10-06,142.029999,ibm
2023-10-09,249.919998,mcd
2023-10-09,178.990005,aapl
2023-10-09,142.199997,ibm
2023-10-09,84.699997,disney
2023-10-09,96.879997,nike
2023-10-10,251.520004,mcd
2023-10-10,178.389999,aapl
2023-10-10,142.110001,ibm
2023-10-10,84.989998,disney
2023-10-10,97.620003,nike
2023-10-11,143.229996,ibm
2023-10-11,179.800003,aapl
2023-10-11,98.650002,nike
2023-10-11,84.849998,disney
2023-10-11,250.919998,mcd
2023-10-12,84.349998,disney
2023-10-12,246.190002,mcd
2023-10-12,180.71000700000002,aapl
2023-10-12,141.240005,ibm
2023-10-12,99.25,nike
2023-10-13,99.910004,nike
2023-10-13,138.46000700000002,ibm
2023-10-13,84.349998,disney
2023-10-13,248.309998,mcd
2023-10-13,178.850006,aapl
2023-10-16,139.21000700000002,ibm
2023-10-16,85.709999,disney
2023-10-16,249.940002,mcd
2023-10-16,102.040001,nike
2023-10-16,178.720001,aapl
2023-10-17,103.010002,nike
2023-10-17,251.139999,mcd
2023-10-17,86.199997,disney
2023-10-17,177.149994,aapl
2023-10-17,140.320007,ibm
2023-10-18,175.83999599999999,aapl
2023-10-18,139.970001,ibm
2023-10-18,103.769997,nike
2023-10-18,256.02999900000003,mcd
2023-10-18,84.68,disney
2023-10-19,138.009995,ibm
2023-10-19,258.380005,mcd
2023-10-19,83.25,disney
2023-10-19,175.46000700000005,aapl
2023-10-19,103.050003,nike
2023-10-20,172.880005,aapl
2023-10-20,258.109985,mcd
2023-10-20,137.16000400000001,ibm
2023-10-20,102.66999799999999,nike
2023-10-20,82.650002,disney
2023-10-23,102.809998,nike
2023-10-23,136.380005,ibm
2023-10-23,83.099998,disney
2023-10-23,254.75,mcd
2023-10-23,173.0,aapl
2023-10-24,82.559998,disney
2023-10-24,137.78999299999998,ibm
2023-10-24,257.269989,mcd
2023-10-24,173.440002,aapl
2023-10-24,105.18,nike
2023-10-25,137.080002,ibm
2023-10-25,171.100006,aapl
2023-10-25,103.540001,nike
2023-10-25,80.589996,disney
2023-10-25,258.02999900000003,mcd
2023-10-26,255.830002,mcd
2023-10-26,143.759995,ibm
2023-10-26,166.889999,aapl
2023-10-26,100.019997,nike
2023-10-26,79.779999,disney
2023-10-27,142.520004,ibm
2023-10-27,97.980003,nike
2023-10-27,255.75999500000003,mcd
2023-10-27,79.33000200000001,disney
2023-10-27,168.220001,aapl
2023-10-30,260.149994,mcd
2023-10-30,80.68,disney
2023-10-30,101.800003,nike
2023-10-30,170.28999299999995,aapl
2023-10-30,142.630005,ibm
2023-10-31,262.170013,mcd
2023-10-31,81.589996,disney
2023-10-31,102.769997,nike
2023-10-31,170.770004,aapl
2023-10-31,144.639999,ibm
2023-11-01,173.970001,aapl
2023-11-01,100.879997,nike
2023-11-01,81.07,disney
2023-11-01,145.399994,ibm
2023-11-01,261.970001,mcd
2023-11-02,147.009995,ibm
2023-11-02,177.570007,aapl
2023-11-02,105.08000200000001,nike
2023-11-02,266.850006,mcd
2023-11-02,83.290001,disney
2023-11-03,267.869995,mcd
2023-11-03,147.899994,ibm
2023-11-03,85.07,disney
2023-11-03,107.059998,nike
2023-11-03,176.649994,aapl
2023-11-06,148.970001,ibm
2023-11-06,84.019997,disney
2023-11-06,179.229996,aapl
2023-11-06,107.25,nike
2023-11-06,268.910004,mcd
2023-11-07,84.589996,disney
2023-11-07,181.820007,aapl
2023-11-07,109.360001,nike
2023-11-07,148.830002,ibm
2023-11-07,268.670013,mcd
2023-11-08,182.889999,aapl
2023-11-08,148.029999,ibm
2023-11-08,267.48999,mcd
2023-11-08,109.389999,nike
2023-11-08,84.5,disney
2023-11-09,146.619995,ibm
2023-11-09,107.0,nike
2023-11-09,90.339996,disney
2023-11-09,182.41000400000001,aapl
2023-11-09,266.910004,mcd
2023-11-10,186.399994,aapl
2023-11-10,88.269997,disney
2023-11-10,149.020004,ibm
2023-11-10,106.110001,nike
2023-11-10,267.790009,mcd
2023-11-13,184.800003,aapl
2023-11-13,89.440002,disney
2023-11-13,148.100006,ibm
2023-11-13,104.199997,nike
2023-11-13,269.200012,mcd
2023-11-14,187.440002,aapl
2023-11-14,91.07,disney
2023-11-14,271.48999,mcd
2023-11-14,150.41000400000001,ibm
2023-11-14,105.75,nike
2023-11-15,152.580002,ibm
2023-11-15,188.009995,aapl
2023-11-15,107.82,nike
2023-11-15,270.390015,mcd
2023-11-15,93.93,disney
2023-11-16,276.119995,mcd
2023-11-16,189.71000700000002,aapl
2023-11-16,94.510002,disney
2023-11-16,153.059998,ibm
2023-11-16,107.610001,nike
2023-11-17,275.75,mcd
2023-11-17,152.889999,ibm
2023-11-17,189.690002,aapl
2023-11-17,94.150002,disney
2023-11-17,105.959999,nike
2023-11-20,191.449997,aapl
2023-11-20,106.32,nike
2023-11-20,279.02999900000003,mcd
2023-11-20,154.350006,ibm
2023-11-20,95.029999,disney
2023-11-21,106.550003,nike
2023-11-21,280.470001,mcd
2023-11-21,190.639999,aapl
2023-11-21,153.91000400000001,ibm
2023-11-21,94.449997,disney
2023-11-22,107.91999799999999,nike
2023-11-22,95.07,disney
2023-11-22,281.929993,mcd
2023-11-22,191.309998,aapl
2023-11-22,155.130005,ibm
2023-11-24,282.540009,mcd
2023-11-24,96.059998,disney
2023-11-24,107.639999,nike
2023-11-24,189.970001,aapl
2023-11-24,155.179993,ibm
2023-11-27,95.16999799999999,disney
2023-11-27,155.570007,ibm
2023-11-27,189.78999299999998,aapl
2023-11-27,281.839996,mcd
2023-11-27,107.959999,nike
2023-11-28,92.5,disney
2023-11-28,282.089996,mcd
2023-11-28,108.75,nike
2023-11-28,190.399994,aapl
2023-11-28,155.649994,ibm
2023-11-29,156.41000400000001,ibm
2023-11-29,189.369995,aapl
2023-11-29,92.5,disney
2023-11-29,110.370003,nike
2023-11-29,280.380005,mcd
2023-11-30,189.949997,aapl
2023-11-30,92.690002,disney
2023-11-30,281.839996,mcd
2023-11-30,158.559998,ibm
2023-11-30,110.269997,nike
2023-12-01,191.240005,aapl
2023-12-01,113.480003,nike
2023-12-01,92.58000200000001,disney
2023-12-01,285.959991,mcd
2023-12-01,160.550003,ibm
2023-12-04,115.150002,nike
2023-12-04,161.100006,ibm
2023-12-04,92.010002,disney
2023-12-04,189.429993,aapl
2023-12-04,286.130005,mcd
2023-12-05,286.540009,mcd
2023-12-05,115.410004,nike
2023-12-05,90.790001,disney
2023-12-05,193.419998,aapl
2023-12-05,161.389999,ibm
2023-12-06,192.320007,aapl
2023-12-06,286.859985,mcd
2023-12-06,91.5,disney
2023-12-06,116.110001,nike
2023-12-06,160.279999,ibm
2023-12-07,286.790009,mcd
2023-12-07,194.270004,aapl
2023-12-07,160.220001,ibm
2023-12-07,92.349998,disney
2023-12-07,114.809998,nike
2023-12-08,285.5299990000001,mcd
2023-12-08,161.96000700000002,ibm
2023-12-08,92.82,disney
2023-12-08,195.71000700000002,aapl
2023-12-08,115.910004,nike
2023-12-11,118.610001,nike
2023-12-11,92.199997,disney
2023-12-11,193.179993,aapl
2023-12-11,289.149994,mcd
2023-12-11,163.509995,ibm
2023-12-12,291.420013,mcd
2023-12-12,194.71000700000002,aapl
2023-12-12,91.07,disney
2023-12-12,164.71000700000002,ibm
2023-12-12,119.639999,nike
2023-12-13,295.929993,mcd
2023-12-13,163.619995,ibm
2023-12-13,197.96000700000002,aapl
2023-12-13,92.83000200000001,disney
2023-12-13,121.16999799999999,nike
2023-12-14,121.019997,nike
2023-12-14,93.940002,disney
2023-12-14,162.91000400000001,ibm
2023-12-14,290.019989,mcd
2023-12-14,198.110001,aapl
2023-12-15,287.269989,mcd
2023-12-15,121.550003,nike
2023-12-15,93.459999,disney
2023-12-15,162.229996,ibm
2023-12-15,197.570007,aapl
2023-12-18,195.889999,aapl
2023-12-18,121.139999,nike
2023-12-18,92.860001,disney
2023-12-18,162.740005,ibm
2023-12-18,290.230011,mcd
2023-12-19,196.940002,aapl
2023-12-19,93.93,disney
2023-12-19,290.730011,mcd
2023-12-19,161.559998,ibm
2023-12-19,122.639999,nike
2023-12-20,288.98999,mcd
2023-12-20,160.050003,ibm
2023-12-20,91.269997,disney
2023-12-20,121.43,nike
2023-12-20,194.830002,aapl
2023-12-21,291.390015,mcd
2023-12-21,92.019997,disney
2023-12-21,160.779999,ibm
2023-12-21,122.529999,nike
2023-12-21,194.679993,aapl
2023-12-22,91.019997,disney
2023-12-22,108.040001,nike
2023-12-22,193.600006,aapl
2023-12-22,162.139999,ibm
2023-12-22,291.700012,mcd
2023-12-26,90.949997,disney
2023-12-26,163.21000700000002,ibm
2023-12-26,193.050003,aapl
2023-12-26,292.859985,mcd
2023-12-26,108.019997,nike
2023-12-27,163.46000700000002,ibm
2023-12-27,107.129997,nike
2023-12-27,193.149994,aapl
2023-12-27,294.549988,mcd
2023-12-27,90.379997,disney
2023-12-28,90.400002,disney
2023-12-28,108.82,nike
2023-12-28,295.839996,mcd
2023-12-28,193.580002,aapl
2023-12-28,163.75,ibm
2023-12-29,296.51001,mcd
2023-12-29,192.529999,aapl
2023-12-29,163.550003,ibm
2023-12-29,90.290001,disney
2023-12-29,108.57,nike
2024-01-02,90.709999,disney
2024-01-02,161.5,ibm
2024-01-02,297.040009,mcd
2024-01-02,106.550003,nike
2024-01-02,185.639999,aapl
2024-01-03,104.040001,nike
2024-01-03,294.390015,mcd
2024-01-03,91.650002,disney
2024-01-03,160.100006,ibm
2024-01-03,184.25,aapl
2024-01-04,90.559998,disney
2024-01-04,160.860001,ibm
2024-01-04,291.73999,mcd
2024-01-04,181.91000400000001,aapl
2024-01-04,102.300003,nike
2024-01-05,90.900002,disney
2024-01-05,181.179993,aapl
2024-01-05,159.16000400000001,ibm
2024-01-05,102.08000200000001,nike
2024-01-05,288.98999,mcd
2024-01-08,161.139999,ibm
2024-01-08,185.559998,aapl
2024-01-08,103.620003,nike
2024-01-08,291.899994,mcd
2024-01-08,91.550003,disney
2024-01-09,89.66999799999999,disney
2024-01-09,102.739998,nike
2024-01-09,290.869995,mcd
2024-01-09,185.139999,aapl
2024-01-09,160.080002,ibm
2024-01-10,103.769997,nike
2024-01-10,186.190002,aapl
2024-01-10,161.229996,ibm
2024-01-10,89.290001,disney
2024-01-10,294.089996,mcd
2024-01-11,89.449997,disney
2024-01-11,185.58999599999999,aapl
2024-01-11,105.900002,nike
2024-01-11,294.149994,mcd
2024-01-11,162.16000400000001,ibm
2024-01-12,90.349998,disney
2024-01-12,105.059998,nike
2024-01-12,293.470001,mcd
2024-01-12,185.919998,aapl
2024-01-12,165.800003,ibm
2024-01-16,291.089996,mcd
2024-01-16,101.720001,nike
2024-01-16,93.050003,disney
2024-01-16,166.96000700000002,ibm
2024-01-16,183.630005,aapl
2024-01-17,291.160004,mcd
2024-01-17,100.82,nike
2024-01-17,182.679993,aapl
2024-01-17,90.339996,disney
2024-01-17,166.080002,ibm
2024-01-18,166.83999599999999,ibm
2024-01-18,100.940002,nike
2024-01-18,294.359985,mcd
2024-01-18,188.630005,aapl
2024-01-18,92.209999,disney
2024-01-19,93.059998,disney
2024-01-19,300.5299990000001,mcd
2024-01-19,191.559998,aapl
2024-01-19,171.479996,ibm
2024-01-19,101.779999,nike
2024-01-22,100.559998,nike
2024-01-22,172.830002,ibm
2024-01-22,298.410004,mcd
2024-01-22,95.08000200000001,disney
2024-01-22,193.889999,aapl
2024-01-23,300.049988,mcd
2024-01-23,93.769997,disney
2024-01-23,195.179993,aapl
2024-01-23,173.940002,ibm
2024-01-23,101.900002,nike
2024-01-24,100.760002,nike
2024-01-24,194.5,aapl
2024-01-24,93.5,disney
2024-01-24,173.929993,ibm
2024-01-24,300.440002,mcd
2024-01-25,194.169998,aapl
2024-01-25,297.209991,mcd
2024-01-25,94.860001,disney
2024-01-25,100.769997,nike
2024-01-25,190.429993,ibm
2024-01-26,102.75,nike
2024-01-26,192.419998,aapl
2024-01-26,187.419998,ibm
2024-01-26,95.360001,disney
2024-01-26,292.26001,mcd
2024-01-29,103.879997,nike
2024-01-29,97.489998,disney
2024-01-29,292.309998,mcd
2024-01-29,187.139999,ibm
2024-01-29,191.729996,aapl
2024-01-30,294.649994,mcd
2024-01-30,96.940002,disney
2024-01-30,187.869995,ibm
2024-01-30,188.03999299999998,aapl
2024-01-30,104.18,nike
2024-01-31,101.529999,nike
2024-01-31,292.720001,mcd
2024-01-31,96.050003,disney
2024-01-31,183.66000400000001,ibm
2024-01-31,184.399994,aapl
2024-02-01,186.899994,ibm
2024-02-01,186.860001,aapl
2024-02-01,101.760002,nike
2024-02-01,97.059998,disney
2024-02-01,298.079987,mcd
2024-02-02,185.78999299999998,ibm
2024-02-02,297.049988,mcd
2024-02-02,97.129997,disney
2024-02-02,100.709999,nike
2024-02-02,185.850006,aapl
2024-02-05,99.68,nike
2024-02-05,183.419998,ibm
2024-02-05,285.970001,mcd
2024-02-05,96.650002,disney
2024-02-05,187.679993,aapl
2024-02-06,284.649994,mcd
2024-02-06,183.41000400000001,ibm
2024-02-06,189.300003,aapl
2024-02-06,102.610001,nike
2024-02-06,99.290001,disney
2024-02-07,287.329987,mcd
2024-02-07,183.740005,ibm
2024-02-07,103.790001,nike
2024-02-07,99.139999,disney
2024-02-07,189.41000400000001,aapl
2024-02-08,103.769997,nike
2024-02-08,291.929993,mcd
2024-02-08,188.320007,aapl
2024-02-08,184.360001,ibm
2024-02-08,110.540001,disney
2024-02-09,104.5,nike
2024-02-09,188.850006,aapl
2024-02-09,186.33999599999999,ibm
2024-02-09,108.389999,disney
2024-02-09,289.470001,mcd
2024-02-12,186.16000400000001,ibm
2024-02-12,107.18,nike
2024-02-12,109.290001,disney
2024-02-12,187.149994,aapl
2024-02-12,289.440002,mcd
2024-02-13,105.0,nike
2024-02-13,185.03999299999998,aapl
2024-02-13,287.109985,mcd
2024-02-13,110.459999,disney
2024-02-13,183.699997,ibm
2024-02-14,183.570007,ibm
2024-02-14,106.33000200000001,nike
2024-02-14,111.559998,disney
2024-02-14,288.170013,mcd
2024-02-14,184.149994,aapl
2024-02-15,106.050003,nike
2024-02-15,186.869995,ibm
2024-02-15,112.449997,disney
2024-02-15,291.859985,mcd
2024-02-15,183.860001,aapl
2024-02-16,103.510002,nike
2024-02-16,111.599998,disney
2024-02-16,187.639999,ibm
2024-02-16,292.019989,mcd
2024-02-16,182.309998,aapl
2024-02-20,292.649994,mcd
2024-02-20,109.440002,disney
2024-02-20,183.440002,ibm
2024-02-20,103.300003,nike
2024-02-20,181.559998,aapl
2024-02-21,105.269997,nike
2024-02-21,293.910004,mcd
2024-02-21,182.320007,aapl
2024-02-21,179.699997,ibm
2024-02-21,107.66999799999999,disney
2024-02-22,295.920013,mcd
2024-02-22,107.639999,disney
2024-02-22,184.369995,aapl
2024-02-22,184.21000700000002,ibm
2024-02-22,105.08000200000001,nike
2024-02-23,297.75,mcd
2024-02-23,182.520004,aapl
2024-02-23,185.720001,ibm
2024-02-23,105.629997,nike
2024-02-23,107.739998,disney
2024-02-26,181.16000400000001,aapl
2024-02-26,104.540001,nike
2024-02-26,107.68,disney
2024-02-26,297.119995,mcd
2024-02-26,184.130005,ibm
2024-02-27,293.76001,mcd
2024-02-27,182.630005,aapl
2024-02-27,105.150002,nike
2024-02-27,109.41999799999999,disney
2024-02-27,184.869995,ibm
2024-02-28,181.419998,aapl
2024-02-28,185.300003,ibm
2024-02-28,110.800003,disney
2024-02-28,104.349998,nike
2024-02-28,295.190002,mcd
2024-02-29,185.029999,ibm
2024-02-29,180.75,aapl
2024-02-29,103.93,nike
2024-02-29,111.58000200000001,disney
2024-02-29,292.2799990000001,mcd
2024-03-01,111.949997,disney
2024-03-01,290.730011,mcd
2024-03-01,101.879997,nike
2024-03-01,188.199997,ibm
2024-03-01,179.66000400000001,aapl
2024-03-04,113.690002,disney
2024-03-04,99.540001,nike
2024-03-04,290.940002,mcd
2024-03-04,193.059998,ibm
2024-03-04,175.100006,aapl
2024-03-05,112.870003,disney
2024-03-05,98.309998,nike
2024-03-05,292.540009,mcd
2024-03-05,170.119995,aapl
2024-03-05,191.949997,ibm
2024-03-06,169.119995,aapl
2024-03-06,110.059998,disney
2024-03-06,292.929993,mcd
2024-03-06,196.16000400000001,ibm
2024-03-06,97.629997,nike
2024-03-07,291.109985,mcd
2024-03-07,169.0,aapl
2024-03-07,196.53999299999998,ibm
2024-03-07,110.18,disney
2024-03-07,98.190002,nike
2024-03-08,170.729996,aapl
2024-03-08,292.549988,mcd
2024-03-08,110.32,disney
2024-03-08,195.949997,ibm
2024-03-08,99.160004,nike
2024-03-11,191.729996,ibm
2024-03-11,101.08000200000001,nike
2024-03-11,112.309998,disney
2024-03-11,294.820007,mcd
2024-03-11,172.75,aapl
2024-03-12,197.779999,ibm
2024-03-12,173.229996,aapl
2024-03-12,112.459999,disney
2024-03-12,294.309998,mcd
2024-03-12,100.18,nike
2024-03-13,171.130005,aapl
2024-03-13,196.699997,ibm
2024-03-13,101.360001,nike
2024-03-13,282.859985,mcd
2024-03-13,112.5,disney
2024-03-14,173.0,aapl
2024-03-14,100.260002,nike
2024-03-14,193.429993,ibm
2024-03-14,281.730011,mcd
2024-03-14,112.059998,disney
2024-03-15,279.140015,mcd
2024-03-15,111.949997,disney
2024-03-15,172.619995,aapl
2024-03-15,191.070007,ibm
2024-03-15,99.639999,nike
2024-03-18,98.739998,nike
2024-03-18,113.849998,disney
2024-03-18,278.579987,mcd
2024-03-18,173.720001,aapl
2024-03-18,191.690002,ibm
2024-03-19,114.510002,disney
2024-03-19,176.080002,aapl
2024-03-19,282.869995,mcd
2024-03-19,193.33999599999999,ibm
2024-03-19,99.959999,nike
2024-03-20,193.96000700000002,ibm
2024-03-20,116.459999,disney
2024-03-20,100.269997,nike
2024-03-20,178.669998,aapl
2024-03-20,284.450012,mcd
2024-03-21,100.82,nike
2024-03-21,116.699997,disney
2024-03-21,171.369995,aapl
2024-03-21,283.5299990000001,mcd
2024-03-21,191.899994,ibm
2024-03-22,93.860001,nike
2024-03-22,190.83999599999999,ibm
2024-03-22,172.279999,aapl
2024-03-22,115.870003,disney
2024-03-22,282.630005,mcd
2024-03-25,170.850006,aapl
2024-03-25,93.75,nike
2024-03-25,188.78999299999998,ibm
2024-03-25,278.619995,mcd
2024-03-25,119.360001,disney
2024-03-26,92.58000200000001,nike
2024-03-26,169.71000700000005,aapl
2024-03-26,119.93,disney
2024-03-26,188.5,ibm
2024-03-26,278.619995,mcd
2024-03-27,282.019989,mcd
2024-03-27,173.309998,aapl
2024-03-27,94.129997,nike
2024-03-27,120.980003,disney
2024-03-27,190.800003,ibm
2024-03-28,281.950012,mcd
2024-03-28,171.479996,aapl
2024-03-28,93.980003,nike
2024-03-28,122.360001,disney
2024-03-28,190.96000700000002,ibm
2024-04-01,280.220001,mcd
2024-04-01,121.529999,disney
2024-04-01,92.559998,nike
2024-04-01,189.830002,ibm
2024-04-01,170.029999,aapl
2024-04-02,188.880005,ibm
2024-04-02,90.949997,nike
2024-04-02,122.82,disney
2024-04-02,277.73999,mcd
2024-04-02,168.83999599999999,aapl
2024-04-03,90.33000200000001,nike
2024-04-03,190.899994,ibm
2024-04-03,169.649994,aapl
2024-04-03,275.540009,mcd
2024-04-03,118.980003,disney
2024-04-04,89.07,nike
2024-04-04,168.820007,aapl
2024-04-04,187.940002,ibm
2024-04-04,270.089996,mcd
2024-04-04,117.089996,disney
2024-04-05,169.580002,aapl
2024-04-05,266.690002,mcd
2024-04-05,189.139999,ibm
2024-04-05,118.379997,disney
2024-04-05,88.839996,nike
2024-04-08,168.449997,aapl
2024-04-08,189.820007,ibm
2024-04-08,267.559998,mcd
2024-04-08,117.349998,disney
2024-04-08,90.0,nike
2024-04-09,91.0,nike
2024-04-09,117.970001,disney
2024-04-09,269.440002,mcd
2024-04-09,169.669998,aapl
2024-04-09,189.309998,ibm
2024-04-10,167.779999,aapl
2024-04-10,89.0,nike
2024-04-10,117.190002,disney
2024-04-10,268.670013,mcd
2024-04-10,186.03999299999998,ibm
2024-04-11,92.0,nike
2024-04-11,175.03999299999995,aapl
2024-04-11,185.899994,ibm
2024-04-11,268.619995,mcd
2024-04-11,117.150002,disney
2024-04-12,92.0,nike
2024-04-12,114.010002,disney
2024-04-12,267.390015,mcd
2024-04-12,176.550003,aapl
2024-04-12,182.270004,ibm
2024-04-15,266.230011,mcd
2024-04-15,112.949997,disney
2024-04-15,93.099998,nike
2024-04-15,181.25,ibm
2024-04-15,172.690002,aapl
2024-04-16,265.429993,mcd
2024-04-16,113.879997,disney
2024-04-16,93.389999,nike
2024-04-16,183.75,ibm
2024-04-16,169.380005,aapl
2024-04-17,168.0,aapl
2024-04-17,112.940002,disney
2024-04-17,183.100006,ibm
2024-04-17,94.839996,nike
2024-04-17,269.950012,mcd
2024-04-18,167.03999299999995,aapl
2024-04-18,181.470001,ibm
2024-04-18,112.43,disney
2024-04-18,95.739998,nike
2024-04-18,270.980011,mcd
2024-04-19,112.610001,disney
2024-04-19,94.529999,nike
2024-04-19,181.580002,ibm
2024-04-19,165.0,aapl
2024-04-19,271.98999,mcd
2024-04-22,94.190002,nike
2024-04-22,165.83999599999999,aapl
2024-04-22,275.579987,mcd
2024-04-22,111.989998,disney
2024-04-22,181.899994,ibm
2024-04-23,182.190002,ibm
2024-04-23,113.709999,disney
2024-04-23,94.019997,nike
2024-04-23,166.899994,aapl
2024-04-23,276.880005,mcd
2024-04-24,169.020004,aapl
2024-04-24,113.91999799999999,disney
2024-04-24,276.75,mcd
2024-04-24,184.100006,ibm
2024-04-24,94.639999,nike
2024-04-25,168.91000400000001,ibm
2024-04-25,93.940002,nike
2024-04-25,169.889999,aapl
2024-04-25,275.600006,mcd
2024-04-25,112.769997,disney
2024-04-26,169.300003,aapl
2024-04-26,273.089996,mcd
2024-04-26,167.130005,ibm
2024-04-26,112.730003,disney
2024-04-26,94.120003,nike
2024-04-29,273.549988,mcd
2024-04-29,94.059998,nike
2024-04-29,173.5,aapl
2024-04-29,112.08000200000001,disney
2024-04-29,167.429993,ibm
2024-04-30,111.099998,disney
2024-04-30,170.330002,aapl
2024-04-30,273.040009,mcd
2024-04-30,92.260002,nike
2024-04-30,166.199997,ibm
2024-05-01,110.480003,disney
2024-05-01,169.300003,aapl
2024-05-01,274.429993,mcd
2024-05-01,164.429993,ibm
2024-05-01,90.339996,nike
2024-05-02,92.410004,nike
2024-05-02,112.620003,disney
2024-05-02,173.029999,aapl
2024-05-02,164.690002,ibm
2024-05-02,273.27999900000003,mcd
2024-05-03,270.320007,mcd
2024-05-03,183.380005,aapl
2024-05-03,92.150002,nike
2024-05-03,113.660004,disney
2024-05-03,165.71000700000002,ibm
2024-05-06,116.470001,disney
2024-05-06,269.299988,mcd
2024-05-06,168.610001,ibm
2024-05-06,93.360001,nike
2024-05-06,181.71000700000002,aapl
2024-05-07,267.5,mcd
2024-05-07,93.779999,nike
2024-05-07,168.380005,ibm
2024-05-07,105.389999,disney
2024-05-07,182.399994,aapl
2024-05-08,93.589996,nike
2024-05-08,105.440002,disney
2024-05-08,268.48999,mcd
2024-05-08,169.899994,ibm
2024-05-08,182.740005,aapl
2024-05-09,184.570007,aapl
2024-05-09,105.800003,disney
2024-05-09,166.270004,ibm
2024-05-09,93.389999,nike
2024-05-09,267.950012,mcd
2024-05-10,183.050003,aapl
2024-05-10,90.940002,nike
2024-05-10,105.790001,disney
2024-05-10,275.0,mcd
2024-05-10,167.149994,ibm
2024-05-13,271.320007,mcd
2024-05-13,167.559998,ibm
2024-05-13,186.279999,aapl
2024-05-13,92.720001,nike
2024-05-13,105.83000200000001,disney
2024-05-14,167.360001,ibm
2024-05-14,270.660004,mcd
2024-05-14,187.429993,aapl
2024-05-14,92.790001,nike
2024-05-14,105.349998,disney
2024-05-15,102.769997,disney
2024-05-15,168.259995,ibm
2024-05-15,91.66999799999999,nike
2024-05-15,189.720001,aapl
2024-05-15,273.869995,mcd
2024-05-16,189.83999599999999,aapl
2024-05-16,91.769997,nike
2024-05-16,103.370003,disney
2024-05-16,168.970001,ibm
2024-05-16,273.51001,mcd
2024-05-17,92.18,nike
2024-05-17,272.380005,mcd
2024-05-17,103.25,disney
2024-05-17,189.869995,aapl
2024-05-17,169.029999,ibm
2024-05-20,267.869995,mcd
2024-05-20,191.03999299999998,aapl
2024-05-20,91.769997,nike
2024-05-20,102.900002,disney
2024-05-20,169.919998,ibm
2024-05-21,173.470001,ibm
2024-05-21,92.82,nike
2024-05-21,265.869995,mcd
2024-05-21,103.010002,disney
2024-05-21,192.350006,aapl
2024-05-22,92.5,nike
2024-05-22,103.019997,disney
2024-05-22,265.769989,mcd
2024-05-22,173.690002,ibm
2024-05-22,190.899994,aapl
2024-05-23,170.669998,ibm
2024-05-23,186.880005,aapl
2024-05-23,91.400002,nike
2024-05-23,100.660004,disney
2024-05-23,257.929993,mcd
2024-05-24,101.760002,disney
2024-05-24,170.889999,ibm
2024-05-24,258.109985,mcd
2024-05-24,91.75,nike
2024-05-24,189.979996,aapl
2024-05-28,253.539993,mcd
2024-05-28,92.0,nike
2024-05-28,102.440002,disney
2024-05-28,189.990005,aapl
2024-05-28,169.66000400000001,ibm
2024-05-29,91.66999799999999,nike
2024-05-29,249.369995,mcd
2024-05-29,190.28999299999998,aapl
2024-05-29,100.879997,disney
2024-05-29,167.050003,ibm
2024-05-30,252.070007,mcd
2024-05-30,165.630005,ibm
2024-05-30,93.449997,nike
2024-05-30,191.28999299999998,aapl
2024-05-30,101.699997,disney
2024-05-31,166.850006,ibm
2024-05-31,95.050003,nike
2024-05-31,192.25,aapl
2024-05-31,258.890015,mcd
2024-05-31,103.910004,disney
2024-06-03,165.279999,ibm
2024-06-03,102.769997,disney
2024-06-03,194.029999,aapl
2024-06-03,94.400002,nike
2024-06-03,259.75,mcd
2024-06-04,94.739998,nike
2024-06-04,194.350006,aapl
2024-06-04,103.33000200000001,disney
2024-06-04,165.809998,ibm
2024-06-04,262.720001,mcd
2024-06-05,195.869995,aapl
2024-06-05,101.5,disney
2024-06-05,259.98999,mcd
2024-06-05,167.380005,ibm
2024-06-05,94.32,nike
2024-06-06,95.720001,nike
2024-06-06,194.479996,aapl
2024-06-06,101.209999,disney
2024-06-06,168.199997,ibm
2024-06-06,260.720001,mcd
2024-06-07,96.550003,nike
2024-06-07,196.889999,aapl
2024-06-07,256.209991,mcd
2024-06-07,170.009995,ibm
2024-06-07,101.540001,disney
2024-06-10,102.739998,disney
2024-06-10,96.0,nike
2024-06-10,193.119995,aapl
2024-06-10,253.809998,mcd
2024-06-10,170.380005,ibm
2024-06-11,100.870003,disney
2024-06-11,95.870003,nike
2024-06-11,207.149994,aapl
2024-06-11,254.27999900000003,mcd
2024-06-11,169.320007,ibm
2024-06-12,213.07000699999998,aapl
2024-06-12,254.479996,mcd
2024-06-12,169.0,ibm
2024-06-12,93.68,nike
2024-06-12,100.800003,disney
2024-06-13,169.119995,ibm
2024-06-13,214.24000499999997,aapl
2024-06-13,94.18,nike
2024-06-13,100.089996,disney
2024-06-13,253.699997,mcd
2024-06-14,169.21000700000002,ibm
2024-06-14,99.970001,disney
2024-06-14,212.49000499999997,aapl
2024-06-14,93.389999,nike
2024-06-14,253.580002,mcd
2024-06-17,216.669998,aapl
2024-06-17,95.0,nike
2024-06-17,101.519997,disney
2024-06-17,253.50999500000003,mcd
2024-06-17,169.5,ibm
2024-06-18,94.779999,nike
2024-06-18,170.550003,ibm
2024-06-18,214.289993,aapl
2024-06-18,250.789993,mcd
2024-06-18,101.5,disney
2024-06-20,101.839996,disney
2024-06-20,173.919998,ibm
2024-06-20,209.679993,aapl
2024-06-20,95.57,nike
2024-06-20,253.800003,mcd
2024-06-21,172.46000700000002,ibm
2024-06-21,259.390015,mcd
2024-06-21,102.269997,disney
2024-06-21,97.18,nike
2024-06-21,207.490005,aapl
2024-06-24,101.980003,disney
2024-06-24,260.380005,mcd
2024-06-24,97.16999799999999,nike
2024-06-24,175.009995,ibm
2024-06-24,208.139999,aapl
2024-06-25,172.600006,ibm
2024-06-25,209.070007,aapl
2024-06-25,102.199997,disney
2024-06-25,257.380005,mcd
2024-06-25,94.75,nike
2024-06-26,213.25,aapl
2024-06-26,102.18,disney
2024-06-26,94.059998,nike
2024-06-26,171.869995,ibm
2024-06-26,257.829987,mcd
2024-06-27,170.850006,ibm
2024-06-27,102.16999799999999,disney
2024-06-27,258.170013,mcd
2024-06-27,214.100006,aapl
2024-06-27,94.190002,nike
2024-06-28,75.370003,nike
2024-06-28,254.839996,mcd
2024-06-28,172.949997,ibm
2024-06-28,210.61999500000002,aapl
2024-06-28,99.290001,disney
2024-07-01,76.83000200000001,nike
2024-07-01,249.990005,mcd
2024-07-01,98.040001,disney
2024-07-01,216.75,aapl
2024-07-01,175.100006,ibm
2024-07-02,247.789993,mcd
2024-07-02,97.989998,disney
2024-07-02,220.270004,aapl
2024-07-02,76.040001,nike
2024-07-02,177.300003,ibm
2024-07-03,221.55000299999998,aapl
2024-07-03,175.729996,ibm
2024-07-03,75.239998,nike
2024-07-03,98.610001,disney
2024-07-03,250.0,mcd
2024-07-05,97.989998,disney
2024-07-05,75.43,nike
2024-07-05,251.089996,mcd
2024-07-05,226.33999599999999,aapl
2024-07-05,176.020004,ibm
2024-07-08,227.82000699999998,aapl
2024-07-08,73.050003,nike
2024-07-08,247.850006,mcd
2024-07-08,97.370003,disney
2024-07-08,177.639999,ibm
2024-07-09,72.459999,nike
2024-07-09,245.820007,mcd
2024-07-09,228.67999300000002,aapl
2024-07-09,97.050003,disney
2024-07-09,176.479996,ibm
2024-07-10,250.490005,mcd
2024-07-10,72.540001,nike
2024-07-10,96.970001,disney
2024-07-10,232.979996,aapl
2024-07-10,177.83999599999999,ibm
2024-07-11,178.309998,ibm
2024-07-11,254.800003,mcd
2024-07-11,227.57000699999998,aapl
2024-07-11,73.389999,nike
2024-07-11,96.599998,disney
2024-07-12,97.129997,disney
2024-07-12,182.830002,ibm
2024-07-12,253.899994,mcd
2024-07-12,230.539993,aapl
2024-07-12,73.41999799999999,nike
2024-07-15,182.880005,ibm
2024-07-15,234.399994,aapl
2024-07-15,251.52999900000003,mcd
2024-07-15,96.870003,disney
2024-07-15,71.309998,nike
2024-07-16,98.470001,disney
2024-07-16,257.269989,mcd
2024-07-16,185.809998,ibm
2024-07-16,234.82000699999998,aapl
2024-07-16,72.809998,nike
2024-07-17,261.0,mcd
2024-07-17,187.449997,ibm
2024-07-17,97.309998,disney
2024-07-17,73.07,nike
2024-07-17,228.88000499999998,aapl
2024-07-18,72.379997,nike
2024-07-18,259.519989,mcd
2024-07-18,96.790001,disney
2024-07-18,185.220001,ibm
2024-07-18,224.17999300000002,aapl
2024-07-19,224.309998,aapl
2024-07-19,257.27999900000003,mcd
2024-07-19,72.699997,nike
2024-07-19,183.25,ibm
2024-07-19,95.739998,disney
2024-07-22,74.860001,nike
2024-07-22,184.149994,ibm
2024-07-22,94.129997,disney
2024-07-22,259.540009,mcd
2024-07-22,223.960007,aapl
2024-07-23,254.050003,mcd
2024-07-23,225.00999500000003,aapl
2024-07-23,184.100006,ibm
2024-07-23,90.940002,disney
2024-07-23,73.400002,nike
2024-07-24,184.020004,ibm
2024-07-24,71.089996,nike
2024-07-24,89.800003,disney
2024-07-24,253.369995,mcd
2024-07-24,218.539993,aapl
2024-07-25,217.49000499999997,aapl
2024-07-25,191.979996,ibm
2024-07-25,251.460007,mcd
2024-07-25,89.209999,disney
2024-07-25,71.410004,nike
2024-07-26,191.75,ibm
2024-07-26,252.0,mcd
2024-07-26,89.93,disney
2024-07-26,72.559998,nike
2024-07-26,217.960007,aapl
2024-07-29,191.5,ibm
2024-07-29,261.420013,mcd
2024-07-29,92.139999,disney
2024-07-29,73.550003,nike
2024-07-29,218.24000499999997,aapl
2024-07-30,218.80000299999998,aapl
2024-07-30,266.440002,mcd
2024-07-30,74.32,nike
2024-07-30,93.790001,disney
2024-07-30,191.03999299999998,ibm
2024-07-31,265.399994,mcd
2024-07-31,222.080002,aapl
2024-07-31,93.690002,disney
2024-07-31,192.139999,ibm
2024-07-31,74.860001,nike
2024-08-01,268.75,mcd
2024-08-01,189.66000400000001,ibm
2024-08-01,218.36000099999998,aapl
2024-08-01,73.849998,nike
2024-08-01,93.050003,disney
2024-08-02,189.119995,ibm
2024-08-02,89.57,disney
2024-08-02,276.690002,mcd
2024-08-02,219.86000099999998,aapl
2024-08-02,74.010002,nike
2024-08-05,87.779999,disney
2024-08-05,71.41999799999999,nike
2024-08-05,209.270004,aapl
2024-08-05,268.450012,mcd
2024-08-05,183.309998,ibm
2024-08-06,72.5,nike
2024-08-06,186.800003,ibm
2024-08-06,207.229996,aapl
2024-08-06,270.059998,mcd
2024-08-06,89.970001,disney
2024-08-07,186.800003,ibm
2024-08-07,72.620003,nike
2024-08-07,85.959999,disney
2024-08-07,209.82000699999998,aapl
2024-08-07,269.369995,mcd
